футбол,το,ποδόσφαιρο,αθλητισμός,3
стадион,το,στάδιο,αθλητισμός,4
баскетбол,το, μπάσκετ,αθλητισμός,7
соревнование,ο,αγώνας,αθλητισμός,12
спорт,τα,αθλητικά,αθλητισμός,12
спортивное упражнение,η,γυμναστική,αθλητισμός,12
шахматы,το,σκάκι,αθλητισμός,12
футбольное поле,το,γήπεδο,αθλητισμός,14
спорт,ο,αθλητισμός,αθλητισμός,26
миллиард,το,δισεκατομμύριο,αριθμοί,4
миллион,το,εκατομμύριο,αριθμοί,4
нуль,,μηδέν,αριθμοί,4
второй,,δεύτερος,αριθμοί,5
первый,,πρώτος,αριθμοί,5
пятый,,πέμπτος,αριθμοί,5
третий,,τρίτος,αριθμοί,5
четвертый,,τέταρτος,αριθμοί,5
килограмм картошки,το,κιλό πατάτες,αριθμοί,9
грамм,,το γραμμάριο,αριθμοί,10
полкило (брынзы),,μισό κιλό φέτα,αριθμοί,10
четверть,το,τέταρτο,αριθμοί,10
несколько,,μερικοί/κές/κά,αριθμοί,14
километр,το,χιλιόμετρο ,αριθμοί,21
большее из кого-нибудь,,περισσότερο από κάτι,αριθμοί,22
кв. м,,τ.μ. (το τετραγωνικό μέτρο),αριθμοί,22
половина,,μισός/ή/ό,αριθμοί,26
Cанкт-Петербург,η,Αγία Πετρούπολη,γεωγραφία,1
Австрия,η,Αυστρία,γεωγραφία,1
автономная область,η,αυτόνομη κοινότητα,γεωγραφία,1
Америка,η,Αμερική,γεωγραφία,1
Англия,η,Αγγλία,γεωγραφία,1
арабский язык,τα,αραβικά,γεωγραφία,1
Афины,η,Αθήνα,γεωγραφία,1
баскский язык,τα,βασκικά,γεωγραφία,1
Бельгия,το,Βέλγιο (ίου),γεωγραφία,1
Бостон,η,Βοστώνη,γεωγραφία,1
Германия,η,Γερμανία,γεωγραφία,1
Голландия,η,Ολλανδία,γεωγραφία,1
голландский язык,τα,ολλανδικά,γεωγραφία,1
Дания,η,Δανία,γεωγραφία,1
исландский язык,τα,ισλανδικά,γεωγραφία,1
Испания,η,Ισπανία,γεωγραφία,1
итальянский язык,τα,ιταλικά,γεωγραφία,1
Канада,ο,Καναδάς,γεωγραφία,1
Лондон,τα,Λονδίνο,γεωγραφία,1
Мадрид,η,Μαδρίτη,γεωγραφία,1
Мексика,το,Μεξικό,γεωγραφία,1
Москва,η,Μόσχα,γεωγραφία,1
немецкий,τα,γερμανικά,γεωγραφία,1
Норвегия,η,Νορβηγία,γεωγραφία,1
Нью-Йорк,η,Νέα Υόρκη,γεωγραφία,1
Париж,το,Παρίσι,γεωγραφία,1
португальский язык,τα,πορτογαλικά,γεωγραφία,1
Рим,η,Ρώμη,γεωγραφία,1
русский язык,τα,ρωσικά,γεωγραφία,1
сербский язык,τα,σερβικά,γεωγραφία,1
Страна Басков,η,Χώρα των Βάσκων,γεωγραφία,1
Франция,η,Γαλλία,γεωγραφία,1
французский язык,τα,γαλλικά,γεωγραφία,1
Швейцария,η,Ελβετία,γεωγραφία,1
Швеция,η,Σουηδία,γεωγραφία,1
американец/американка,ο/η,αμερικανός/αμερικανίδα,γεωγραφία,2
грек/гречанка,ο/η,έλληνας/ελληνίδα,γεωγραφία,2
Ингерманландия,η,Ίνγκρια,γεωγραφία,2
Перей,ο,Πειραιάς,γεωγραφία,7
Эгина,η,Αίγινα,γεωγραφία,7
Гидра,η,Ύδρα,γεωγραφία,8
Метеора,τα,Μετέωρα,γεωγραφία,8
Миконос,η,Μύκονος,γεωγραφία,9
итальянка,η,ιταλίδα,γεωγραφία,10
Кифера,τα,Κύθηρα,γεωγραφία,11
Милос,η,Μήλος,γεωγραφία,11
византийский,,βυζαντινός,γεωγραφία,12
бразильский,,βραζιλιάνικος,γεωγραφία,17
Малая Азия,η,Μικρά Ασία,γεωγραφία,17
европейский,,ευρωπαϊκός/η/ο,γεωγραφία,21
венгерский язык,τα,ουγγρικά,γεωγραφία,25
Венгрия,η,Ουγγαρία,γεωγραφία,25
восточный,,ανατολικός/ή/ό,γεωγραφία,26
западный,,δυτικός/ή/ό,γεωγραφία,26
северный,,βόρειος/α/ο,γεωγραφία,26
южный,,νότιος/α/ο,γεωγραφία,26
местоимение,η,αντωνυμία,γλώσσα,25
где,,πού,διάφορα,1
или,,ή,διάφορα,1
итак,,λοιπόν,διάφορα,1
однако,,αλλά,διάφορα,1
отлично,,μάλιστα,διάφορα,1
пожалуйста,,παρακαλώ,διάφορα,1
почему/потому что,,γιατί,διάφορα,1
превосходно,,μιά χαρά,διάφορα,1
с приездом,,καλώς όρισες,διάφορα,1
сейчас,,τώρα,διάφορα,1
только чуть-чуть,,αλλά λίγο,διάφορα,1
хорошо,,καλά,διάφορα,1
чудесно,,θαύμα,διάφορα,1
ой-ой-ой,,"πω, πω",διάφορα,3
ОК,,εντάξει,διάφορα,3
очень,,πολύ,διάφορα,3
прошу прощения,,συγγνώμη,διάφορα,3
с,,με + Acc,διάφορα,3
так себе,,έτσι κι έτσι,διάφορα,3
"весь, целый",,όλος,διάφορα,4
возможно,,μήπως,διάφορα,4
до свиданья,,αντίο,διάφορα,4
конечно,,βεβαίως/βέβαια,διάφορα,4
не думаю,,δεν νομίζω,διάφορα,4
пожалуйста,,ορίστε,διάφορα,4
прекрасно,,ωραία,διάφορα,4
Господи!,,Θεέ μου!,διάφορα,5
кто-то,,κάποιος,διάφορα,5
например,,για παράδειγμα,διάφορα,6
вам того же,,επίσης,διάφορα,7
вместе,,μαζί,διάφορα,7
если,,αν,διάφορα,7
ни - ни,,ούτε - ούτε,διάφορα,7
очень-очень,,πάρα πολύ,διάφορα,7
приятного аппетита,,καλή όρεξη,διάφορα,7
что,,τι,διάφορα,7
давай с нами,,έλα κι εσύ μαζί μας,διάφορα,8
настолько,,τόσο,διάφορα,8
"ну конечно, как же - как же",,άκου λέει,διάφορα,8
возможно,,ίσως,διάφορα,9
вот что,,"λοιπόν, εχούμε και λέμε",διάφορα,9
все вместе,,όλοι μαζί,διάφορα,9
еще,,πιό,διάφορα,9
из-под курицы,,άπο την κότα,διάφορα,9
как,,πώς,διάφορα,9
нет времени,,δεν έχω καιρό,διάφορα,9
с собой,,μαζί μου,διάφορα,9
скажи(те)-ка мне!,,δε μου λες,διάφορα,9
хорошей поездки!,,καλό ταξίδι!,διάφορα,9
в этом отношении,,εδώ που τα λέμε,διάφορα,10
выздоравливай,,περαστικά,διάφορα,10
не беспокойся,,μην κάνεις έτσι,διάφορα,10
не совсем,,όχι ακριβώς,διάφορα,10
ну!,,έλα τώρα,διάφορα,10
осторожно,,προσεκτικά,διάφορα,10
прав,,έχω δίκιο,διάφορα,10
простите,,με συγχωρείτε,διάφορα,10
такой же (это он),,ο ίδιος,διάφορα,10
тот,,εκείνος/η/ο,διάφορα,10
что поделаешь!,,τι να κάνουμε,διάφορα,10
это Елена,,εδώ Ελένη,διάφορα,10
знаешь что?,,ξέρεις κάτι;,διάφορα,11
какая погода?,,τι καιρό κάνει;,διάφορα,11
один/одна,,μόνη της/σου/μου / μόνος του,διάφορα,11
откуда мне знать,,ξέρω ΄γω;,διάφορα,11
алло,,εμπρός,διάφορα,12
будьте здоровы,,με τις υγείες σας,διάφορα,12
всё то же самое,,όλο τα ίδια,διάφορα,12
долго ждать,,περιμένω πολύ,διάφορα,12
еда готова,,έγινε το φαγητό,διάφορα,12
знаешь новости?,,έμαθες τα νέα;,διάφορα,12
как считаешь нужным,,ότι νομίζεις,διάφορα,12
млн. раз,,τόσες φορές,διάφορα,12
ничего страшного,,δεν πειράζει!,διάφορα,12
опять 25,,μα πάλι τα ίδια,διάφορα,12
по привычке,,από συνήθεια,διάφορα,12
понятно,,κατάλαβα,διάφορα,12
с новым годом,,καλή χρονιά σε σένα και στην οικογένειά σας,διάφορα,12
хорошо провести время,,καλή διασκέδαση,διάφορα,12
чей,,ποιανού,διάφορα,12
это не то же самое,,δεν είναι το ίδιο,διάφορα,12
без (льда),,χωρίς πάγο,διάφορα,13
какая жалость!,,τι κρίμα!,διάφορα,13
у меня нет настроения,,δεν έχω κέφι να κάνω κάτι,διάφορα,13
неправ,,έχω άδικο,διάφορα,14
еще (что-н.),,κάτι/τίποτα άλλο,διάφορα,15
на красный свет,,με κόκκινο,διάφορα,15
я больше не могу,,δεν μπορώ άλλο,διάφορα,15
я раскричусь!,,θα βάλω τις φωνές,διάφορα,15
вот и молодец,,έτσι μπράβο,διάφορα,16
за твое/ваше здоровье,,στην υγειά σου/σας,διάφορα,16
как(видишь),,όπως (βλέπεις),διάφορα,16
оно тебе пойдет на пользу,,θα σου κάνει καλό,διάφορα,16
удачи,,καλή επιτυχία!,διάφορα,16
тогда ладно,,τότε καλά,διάφορα,17
туча народу,,πολύς κόσμος,διάφορα,17
всё более,,όλο και πιο,διάφορα,18
однако,,όμως,διάφορα,18
большой привет (кому-л.),,πολλούς χαιρετισμούς σε κπ,διάφορα,21
и проч.,,κ.λπ. (και τα λοιπά),διάφορα,21
постскриптум,,Υ.Γ. (το υστερόγραφο),διάφορα,21
как сыр в масле,,στα πούπουλα,διάφορα,22
например,,π.χ. (παραδείγματος χάριν),διάφορα,22
"поэтому, для этого",,γι΄αυτό,διάφορα,22
с удовольствием,,πολύ ευχαρίστως,διάφορα,22
"где, куда (косв.)",,όπου,διάφορα,23
"как, пока",,όσο,διάφορα,23
на чьем-л. месте,,στη θέση καποιανού,διάφορα,23
прежде всего,,πρώτα απ΄όλα,διάφορα,23
апчхи,,αψού,διάφορα,24
еще больше,,κι άλλο,διάφορα,24
и тебе того же (холостякам о свадьбе),,στα δικά σου,διάφορα,24
"ладно, в любом случае",,τέλος πάντων,διάφορα,24
на какой станции мне выходить?,,Σε ποιά στάση πρέπει να κατεβώ;,διάφορα,24
прощай,,άντε γεια σας,διάφορα,24
с детства,,από παδιά,διάφορα,24
до новых встреч,,καλή αντάμωση,διάφορα,25
добро пожаловать,,καλώς,διάφορα,25
полный народу,,γεμάτος κόσμο,διάφορα,25
удачи,,κάθε ευτυχία,διάφορα,25
что-нибудь найдется,,κάτι θα γίνει,διάφορα,25
шаг за шагом,,βήμα βήμα,διάφορα,25
между,,μεταξύ,διάφορα,26
"то есть, другими словами",,δηλαδή,διάφορα,26
врач,,ο γιατρός,επαγγέλματα,2
студент(ка),,ο φοιτητής/η φοιτήτρια,επαγγέλματα,2
преподаватель(ница),,ο καθηγητής/η καθηγήτρια,επαγγέλματα,3
психоаналитик,,ο ψυχαναλυτής,επαγγέλματα,3
актёр,,ο/η ηθοποιός,επαγγέλματα,5
архитектор,,ο αρχιτέκτονας/η αρχιτεκτόνισσα ,επαγγέλματα,5
клерк,,ο/η υπάλληλος,επαγγέλματα,5
официант(ка),,ο σερβιτόρος/η σερβιτόρα,επαγγέλματα,7
владелец/работник кафе,,ο καφετζής/η καφετζού,επαγγέλματα,8
археолог,,ο/η αρχαιολόγος,επαγγέλματα,9
врач-терапевт,,ο/η παθολόγος,επαγγέλματα,9
спортсмен,,ο αθλητής/η αθλήτρια,επαγγέλματα,9
учитель(ница),,ο δάσκαλος/η δασκάλα,επαγγέλματα,9
живописец,,ο/η ζωγράφος,επαγγέλματα,10
юрист,,ο/η δικηγόρος,επαγγέλματα,11
инженер,,ο/η μηχανικός,επαγγέλματα,12
секретарь,,ο/η γραμματέας,επαγγέλματα,12
студент,,ο σπουδαστής/η σπουδάστρια,επαγγέλματα,12
рабочий,,ο εργάτης/η εργάτρια,επαγγέλματα,13
директор,,ο διευθυντής/η διευθύντρια,επαγγέλματα,16
бакалейщик,,ο μπακάλης (οι μπακάληδες),επαγγέλματα,18
зеленщик,,ο μανάβης (οι μανάβηδες),επαγγέλματα,18
мясник,,ο χασάπης (οι χασάπηδες),επαγγέλματα,18
рыбак,,ο ψαράς (οι ψαράδες),επαγγέλματα,18
таксист,,ο ταξιτζής (οι ταξιτζήδες),επαγγέλματα,18
водопроводчик,,ο υδραύλικος,επαγγέλματα,19
медсестра/брат,,ο νοσοκόμος/η νοσοκόμα,επαγγέλματα,19
педиатр,,ο/η παιδίατρος,επαγγέλματα,19
электрик,,ο/η ηλεκτρολόγος,επαγγέλματα,19
журналист(ка),,ο/η δημοσιογράφος,επαγγέλματα,20
официант(ка),,ο γκαρσόνι/η γκαρσόνα,επαγγέλματα,21
"консьерж, привратник",,ο θυρωρός,επαγγέλματα,22
диплом,,το δίπλωμα,επαγγέλματα,23
"дополнительное занятие, кружок",,το φροντιστήριο,επαγγέλματα,23
"фирма, компания",,η εταιρεία,επαγγέλματα,23
аптекарь,,ο/η φαρμακοποιός,επαγγέλματα,24
госслужащий,,ο/η δημόσιος υπάλληλος,επαγγέλματα,24
дипломат,,ο/η διπλωμάτης/η διπλωμάτισσα,επαγγέλματα,24
переводчик/ца,,ο μεταφραστής/η μεταφράστρια,επαγγέλματα,24
повар/иха,,ο μάγειρας/η μαγείρισσα,επαγγέλματα,24
программист/ка,,ο προγραμματιστής/η προγραμματίστρια,επαγγέλματα,24
"продавец, торговец",,ο/η έμπορος,επαγγέλματα,24
специалист по рекламе,,ο διαφημιστής/η διαφημίστρια,επαγγέλματα,24
экономист,,ο/η οικονομολόγος,επαγγέλματα,24
социология,η,κοινωνιολογία,επαγγέλματα,25
готовый,,έτοιμος,επίθετα,1
большой,,μεγάλος,επίθετα,3
женатый/замужняя,,παντρεμένος,επίθετα,3
красивый,,όμορφος,επίθετα,3
маленький,,μικρός,επίθετα,3
плохой,,άσχημος,επίθετα,3
свободный,,ελεύθερος,επίθετα,3
дешёвый,,φτηνός,επίθετα,4
дорогой,,ακριβός,επίθετα,4
"мелкий, тонкий",,ψιλός,επίθετα,4
прекрасный,,ωραίος,επίθετα,4
белый,,άσπρος,επίθετα,5
вкусный,,νόστιμος,επίθετα,5
высокий,,ψηλός,επίθετα,5
голубой,,γαλάζιος,επίθετα,5
горячий,,ζεστός,επίθετα,5
двухместный,,δίκλινος,επίθετα,5
жёлтый,,κίτρινος,επίθετα,5
закрытый,,κλειστός,επίθετα,5
зелёный,,πράσινος,επίθετα,5
красный,,κόκκινος,επίθετα,5
молодой,,νέος,επίθετα,5
нежный,,μειλίχιος,επίθετα,5
новый,,καινούργιος,επίθετα,5
одноместный,,μονόκλινος,επίθετα,5
острый,,πιπεράτος,επίθετα,5
открытый,,ανοιχτός,επίθετα,5
посредственный,,μέτριος,επίθετα,5
пресный,,ανάλατος,επίθετα,5
серый,,γκρίζος,επίθετα,5
сладкий,,γλυκός,επίθετα,5
смешной,,αστείος,επίθετα,5
трёхместный,,τρίκλινος,επίθετα,5
холодный,,κρύος,επίθετα,5
чёрный,,μαύρος,επίθετα,5
довольный,,ευχαριστημένος,επίθετα,6
уставший,,κουρασμένος,επίθετα,6
в томатном соусе,,κοκκινιστός,επίθετα,7
деревенский,,χωριάτικος,επίθετα,7
жареный,,τηγανιτός,επίθετα,7
на гриле,,ψητός,επίθετα,7
щедрый,,φιλότιμος,επίθετα,7
глупый,,χαζός,επίθετα,8
коричневый,,καφέ,επίθετα,8
ледяной,,κρύος παγωμέωος,επίθετα,8
розовый,,ροζ,επίθετα,8
умный,,έξυπνος,επίθετα,8
фиолетовый,,μωβ,επίθετα,8
белокурый,,ξανθός,επίθετα,9
в один конец,,απλός,επίθετα,9
обратный,,με επιστροφή,επίθετα,9
подтянутый,,γυμνασμένος,επίθετα,9
простой,,εύκολος,επίθετα,9
сердитый,,θυμωμένος μαζί σου/με κπ,επίθετα,9
старый,,παλιός,επίθετα,9
трудный,,δύσκολος,επίθετα,9
туристический,,τουριστικός,επίθετα,9
уверенный,,βέβαιος,επίθετα,9
узкий,,στενός,επίθετα,9
больной,,άρρωστος,επίθετα,10
длинный,,μακρύς/μακριά/μακρύ,επίθετα,10
могучий,,δυνατός,επίθετα,10
низкий (по ~ цене),,σε χαμηλή τιμή,επίθετα,10
"дорогой, уважаемый",,αγαπητός,επίθετα,11
правильный,,σωστός/ή,επίθετα,11
буйно-зеленый,,καταπράσινος,επίθετα,12
в ярости,,έξαλλος/η,επίθετα,12
вкусный,,καλομαγειρεμένος,επίθετα,12
грустный,,στενοχωρημένος,επίθετα,12
любопытный,,περίεργος,επίθετα,12
младше Спиридона/всех,,μικρότερος από τον Σπύρο/όλους,επίθετα,12
наилучший,,καλύτερος,επίθετα,12
наихудший,,χειρότερος,επίθετα,12
несчастный,,δυστυχισμένος,επίθετα,12
"отвлеченный, рассеянный",,αφηρημένος,επίθετα,12
психологический,,ψυχολογικός,επίθετα,12
самый большой,,μεγαλύτερος,επίθετα,12
самый многочисленный,,περισσότερος,επίθετα,12
счастливый,,ευτυχισμένος,επίθετα,12
уверенный,,σίγουρος/η,επίθετα,12
чистый,,καθαρός,επίθετα,12
шаловливый,,άτακτος,επίθετα,12
важный,,σημαντικός,επίθετα,13
главный,,κύριος,επίθετα,13
грязный,,βρόμικος,επίθετα,13
интересный,,ενδιαφέρων-ουσα-ον,επίθετα,13
удобный,,βολικός,επίθετα,15
и немало,,όχι και λίγος,επίθετα,16
"тихий, спокойный",,ήσυχος/η/ο,επίθετα,16
бедный,,φτωχός,επίθετα,17
богатый,,πλούσιος,επίθετα,17
вежливый,,ευγενικός,επίθετα,17
вечерний,,βραδινός,επίθετα,17
горький,,πικρός,επίθετα,17
кислый,,ξινός,επίθετα,17
мягкий,,μαλακός,επίθετα,17
невысокий,,κοντός,επίθετα,17
необыкновенный,,εξαιρετικός,επίθετα,17
печальный,,μελαγχολικός,επίθετα,17
плохой,,κακός,επίθετα,17
последний,,τελευταίος,επίθετα,17
свежий,,φρέσκος/ια/ο,επίθετα,17
соленый,,αλμυρός,επίθετα,17
темноволосый,,μελαχρινός,επίθετα,17
толстый,,χοντρός,επίθετα,17
удачливый,,τυχερός,επίθετα,17
худощавый,,λεπτός,επίθετα,17
безымянный,,ανώνυμος,επίθετα,18
говяжий,,μοσχαρίσιος,επίθετα,18
"дружеский, дружелюбный",,φιλικός,επίθετα,18
"ежедневный, повседневный",,καθημερινός,επίθετα,18
жирный,,παχύς/ιά/ύ,επίθετα,18
"местный, районный",,της γειτονιάς,επίθετα,18
пустой,,άδειος/α/ο,επίθετα,18
свиной,,χοιρινός,επίθετα,18
человеческий,,ανθρώπινος,επίθετα,18
фаршированный,,γεμιστός/ή/ό,επίθετα,19
центральный,,κεντρικός/ή/ό,επίθετα,19
государственный,,δημόσιος/α/ο,επίθετα,20
"мелко порубленный, тёртый",,ψιλοκομμένος,επίθετα,20
опасный,,επικίνδυνος,επίθετα,20
работающий,,εργαζόμενος/η/ο,επίθετα,20
собственный,,ο δικός/η δικιά(ή)/το δικό μου,επίθετα,20
сгоревший,,καμένος/η/ο,επίθετα,21
трагический,,τραγικός,επίθετα,21
"голодный, на голодный желудок",,νηστικός/ή/ό,επίθετα,22
"бранчливый, придирчивый",,παραπονιάρης/ηδες/α/ικο,επίθετα,23
"другой, отличный",,διαφορετικός,επίθετα,23
"кокетливый, капризный",,ναζιάρης/ηδες/α/ικο,επίθετα,23
ленивый,,τεμπέλης/ηδες/α/ικο,επίθετα,23
летний,,θερινός,επίθετα,23
любящий сплетничать,,κουτσομπόλης/ηδες/α/ικο,επίθετα,23
неблагодарный,,αχάριστος,επίθετα,23
нынешний,,σημερινός,επίθετα,23
ревнивый,,ζηλιάρης/ηδες/α/ικο,επίθετα,23
скаредный,,τσιγγούνης/ηδες/α/ικο,επίθετα,23
склонный к нытью,,γκρινιάρης/ηδες/α/ικο,επίθετα,23
странный,,παράξενος,επίθετα,23
тёмный,,σκοτεινός,επίθετα,23
упрямый,,πεισματάρης/ηδες/α/ικο,επίθετα,23
важный,,σπουδαίος/α/ο,επίθετα,24
влюбленный,,ερωτευμένος,επίθετα,24
грубый,,αυθάδης,επίθετα,24
"жесткий, суровый",,σκληρός,επίθετα,24
междугородний,,υπεραστικός,επίθετα,24
однообразный,,μονότονος,επίθετα,24
ответственный,,υπεύθυνος,επίθετα,24
приятный,,ευχάριστος,επίθετα,24
простуженный,,κρυωμένος,επίθετα,24
скучный,,βαρετός,επίθετα,24
современный,,σύγχρονος,επίθετα,24
социальный,,κοινωνικός,επίθετα,24
сумасшедший,,τρελός,επίθετα,24
утомительный,,κουραστικός,επίθετα,24
"экономический, финансовый",,οικονομικός,επίθετα,24
"иллюзорный, нереалистичный",,χιμαιρικός,επίθετα,25
иррациональный,,παράλογος (παράλογων),επίθετα,25
мудрый,,σοφός,επίθετα,25
необычный,,ασυνήθιστος,επίθετα,25
объектноориентированный,,"αντικειμενοστρεφής (ής, ές, είς)",επίθετα,25
"светлый, яркий",,φωτεινός,επίθετα,25
успешный,,επιτυχημένος,επίθετα,25
естественно,,φυσικά,επιρρήματα,5
быстро,,γρήγορα,επιρρήματα,6
возможно,,πιθανών,επιρρήματα,6
к сожалению,,δυστυχώς,επιρρήματα,6
к счастью,,ευτυχώς,επιρρήματα,6
точно,,ακριβώς,επιρρήματα,6
правильно,,σωστά,επιρρήματα,7
вовсе не,,καθόλου,επιρρήματα,8
скорее,,μάλλον,επιρρήματα,10
ах если бы,,μακάρι,επιρρήματα,12
в конце концов,,τελικά,επιρρήματα,12
в любом случае,,πάντως,επιρρήματα,12
внезапно,,ξαφνικά,επιρρήματα,12
по меньшей мере,,τουλάχιστον,επιρρήματα,12
постоянно,,τακτικά,επιρρήματα,12
потихоньку,,σιγά,επιρρήματα,12
случайно,,τυχαία,επιρρήματα,12
внимательно,,με προσοχή,επιρρήματα,13
"хватит, довольно",,αρκετά,επιρρήματα,13
"чётко, ясно",,καθαρά,επιρρήματα,13
"сильно, громко",,δυνατά,επιρρήματα,15
в конце концов,,επιτέλους,επιρρήματα,16
с трудом,,με δυσκολία,επιρρήματα,17
почти,,σχεδόν,επιρρήματα,20
спокойно,,χωρίς άγχος,επιρρήματα,21
тихо,,ήσυχα,επιρρήματα,22
больше (не),,πια,επιρρήματα,23
иногда,,ώρες - ώρες,επιρρήματα,23
каким-то образом,,κάπου,επιρρήματα,23
на самом деле,,πραγματικά,επιρρήματα,23
в конце-то концов! (неодобр.),,επιτέλους,επιρρήματα,24
громко,,δυνατά,επιρρήματα,24
довольно-таки,,αρκετά > μάλλον > σχετικά > κάπως,επιρρήματα,24
"очевидно, по всей видимости",,προφανώς,επιρρήματα,25
поспешно,,βιαστικά,επιρρήματα,25
сначала,,πρώτα,επιρρήματα,25
церковь,,η εκκλησία,θρησκεία,6
храм,,ο ναός,θρησκεία,8
"сохрани его в здравии, св. Николай",,"έχε τον/την καλά, Άγιε Νικόλα μου",θρησκεία,15
священник,,ο παπάς (οι παπάδες),θρησκεία,18
Богородица,,η Παναγία,θρησκεία,19
проблема,,το πρόβλημα,ιδέες,1
имя,,το όνομα,ιδέες,2
Конституция,,το Σύνταγμα,ιδέες,2
урок,,το μάθημα,ιδέες,2
психоанализ,,η ψυχανάλυση,ιδέες,3
работа,,η δουλειά,ιδέες,3
деньги,,τα λεπτά,ιδέες,4
дата,,η χρονολογία,ιδέες,5
лекарство,,το φάρμακο,ιδέες,5
размер,,το νούμερο,ιδέες,5
цвет,,το χρώμα,ιδέες,5
цена,,η τιμή,ιδέες,5
яд,,το φαρμάκι,ιδέες,5
неправильно,,το λάθος,ιδέες,7
песня,,το τραγούδι,ιδέες,7
буква,,το γράμμα,ιδέες,8
жизнь,,η ζωή,ιδέες,8
история,,η ιστορία,ιδέες,8
подарок,,το δώρο,ιδέες,8
вещь,,το πράγμα,ιδέες,9
вопрос (задать вопрос),,η ερώτηση(εις) (κάνω ερώτηση),ιδέες,9
идея,,η ιδέα,ιδέες,9
"место, положение",,η θέση,ιδέες,9
поездка,,το ταξίδι,ιδέες,9
"список, меню",,ο κατάλογος,ιδέες,9
упражнение,,η άσκηση(εις),ιδέες,9
шутка,,το αστείο,ιδέες,9
адрес,,η διεύθυνση(εις),ιδέες,10
каникулы,,οι διακοπές,ιδέες,10
класс,,η τάξη,ιδέες,10
ломтик,,η φέτα,ιδέες,10
свидание,,το ραντεβού,ιδέες,10
новости,,τα νέα,ιδέες,11
номер (телефона),,ο αριθμός,ιδέες,11
ответ,,η απάντηση (εις),ιδέες,11
предлог,,η πρόθεσι (εις),ιδέες,11
предложение,,η πρόταση (εις),ιδέες,11
пробел,,το κενό,ιδέες,11
род,,το γένος,ιδέες,11
слово,,η λέξη (εις),ιδέες,11
ахинея,,η σαχλαμάρα,ιδέες,12
вечеринка,,το πάρτι,ιδέες,12
документы,,τα έγγραφα,ιδέες,12
"отрицание, отказ",,η άρνηση,ιδέες,12
праздник,,η γιορτή,ιδέες,12
сообщение,,το μήνυμα,ιδέες,12
утверждение,,η κατάφαση,ιδέες,12
принести перемены,,φέρνω αλλαγή,ιδέες,13
слова (песни),,τα λόγια,ιδέες,13
страдание,,το βάσανο,ιδέες,13
шум (шуметь),,ο θόρυβος (κάνω θόρυβο),ιδέες,13
анекдот,,το ανέκδοτο,ιδέες,14
прогресс,,η πρόοδος,ιδέες,14
деньги,,τα χρήματα,ιδέες,16
"записка, записи",,η σημείωση (οι σημειώσεις),ιδέες,16
здоровье,,η υγεία,ιδέες,16
кусок,,το κομμάτι,ιδέες,16
правда,,η αλήθεια,ιδέες,16
тишина,,η ησυχία,ιδέες,16
фигня,,η αηδία (και αηδίες),ιδέες,16
экзамен,,η εξέταση (οι εξετάσεις),ιδέες,16
архитектура,,η αρχιτεκτονική,ιδέες,17
буза,,η φασαρία,ιδέες,17
визит,,η επίσκεψη (εις),ιδέες,17
воспоминание,,η ανάμνηση (εις),ιδέες,17
диалог,,ο διάλογος,ιδέες,17
команда,,η ομάδα,ιδέες,17
лекция,,η διάλεξη (εις),ιδέες,17
мысль,,η σκέψη (εις),ιδέες,17
пенсия,,η σύνταξη (εις),ιδέες,17
правописание,,η ορθογραφία,ιδέες,17
рецепт,,η συνταγή,ιδέες,17
трудность,,η δυσκολία,ιδέες,17
"флаг, знамя",,η σημαία,ιδέες,17
беседа,,η κουβέντα,ιδέες,18
записка,,το σημείωμα,ιδέες,18
контакт,,η επαφή,ιδέες,18
мытье,,το πλύσιμο,ιδέες,18
начало (вначале),,(στην) αρχή,ιδέες,18
порция,,η μερίδα,ιδέες,18
пятно,,ο λεκές (οι λεκέδες),ιδέες,18
теплота,,η ζεστασιά,ιδέες,18
метод,,η μέθοδος,ιδέες,19
параграф,,η παράγραφος,ιδέες,19
перебой,,η διακοπή,ιδέες,19
поломка,,η βλάβη,ιδέες,19
помощь,,η βοήθεια,ιδέες,19
"речь, причина",,ο λόγος,ιδέες,19
"тема, пункт",,το θέμα,ιδέες,19
зарплата,,ο μισθός,ιδέες,20
интервью,,η συνέντευξη (εις),ιδέες,20
коммунальные расходы,,τα κοινόχρηστα,ιδέες,20
рента,,το ενοίκιο,ιδέες,20
"сочинение, эссе",,η έκθεση (εις),ιδέες,20
"беспокойство, тревога",,το άγχος,ιδέες,21
вес,,το βάρος,ιδέες,21
"вид, тип",,το είδος,ιδέες,21
карьера,,η καριέρα,ιδέες,21
катастрофа,,η καταστροφή,ιδέες,21
конец,,το τέλος,ιδέες,21
место,,το μέρος,ιδέες,21
поцелуй,,το φιλί,ιδέες,21
происшествие,,το ατύχημα,ιδέες,21
размер,,το μέγεθος,ιδέες,21
рост,,το ύψος,ιδέες,21
"стиль, выражение лица",,το ύφος,ιδέες,21
страсть,,το πάθος,ιδέες,21
ложь,,το ψέμα/τα ψέματα,ιδέες,22
плакать по пустякам,,κλαίω με το παραμυκρό,ιδέες,22
мечта,,το όνειρο,ιδέες,23
ностальгия,,η νοσταλγία,ιδέες,23
образование,,η μόρφωση,ιδέες,23
"обязанность, ответственность",,η ευθύνη(ες),ιδέες,23
сплетня,,το κουτσομπολιό,ιδέες,23
желание,,η επιθυμία,ιδέες,24
исследование (проводить ~),,η έρευνα (κάνω ~),ιδέες,24
конкуренция,ο,ανταγωνισμός,ιδέες,24
оценка (получать ~),,ο βαθμός (παίρνω βαθμούς),ιδέες,24
потребность,,η ανάγκη,ιδέες,24
приключение,,η περιπέτεια,ιδέες,24
профессия,,το επάγγελμα,ιδέες,24
прошлое,,το παρελθόν,ιδέες,24
"работа, труд",,η εργασία,ιδέες,24
радость,,η χαρά,ιδέες,24
результат,,το αποτέλεσμα,ιδέες,24
ритм,,ο ρυθμός,ιδέες,24
"свадьба, брак",,ο γάμος,ιδέες,24
скорость,,ταχύτητα,ιδέες,24
"чтение, школьная работа",,το διάβασμα,ιδέες,24
"аромат, духи",το,άρωμα,ιδέες,25
вкус (ощущение),η,γεύση (εις),ιδέες,25
вкус (стилистический),το,γούστο,ιδέες,25
выражение,η,έκφραση (εις),ιδέες,25
гипноз,ο,υπνωτισμός,ιδέες,25
данные,η,στοιχεία (στοιχείων),ιδέες,25
"долг, обязанность, договоренность",η,υποχρέωση (εις),ιδέες,25
запах (ощущение),η,μυρωδιά,ιδέες,25
интерес,το,ενδιαφέρον,ιδέες,25
класс,η,κλάση (εις),ιδέες,25
"личность, индивидуальность",η,προσωπικότητα (προσωπικοτίτων),ιδέες,25
образ,η,εικόνα (ών),ιδέες,25
объект,το,αντικείμενο,ιδέες,25
опыт,η,εμπειρία (ών),ιδέες,25
приглашение,η,πρόσκληση (εις),ιδέες,25
"программирование, планирование",ο,προγραμματισμός,ιδέες,25
продукт,το,προϊόν,ιδέες,25
пространство,ο,χώρος,ιδέες,25
реклама,η,διαφήμιση (εις),ιδέες,25
роль,ο,ρόλος,ιδέες,25
секрет,το,μυστικό,ιδέες,25
середина,η,μέση,ιδέες,25
создание,,δημιουργία (ών),ιδέες,25
"способность, возможность",η,δυνατότητα (δυνατοτήτων),ιδέες,25
"тест, экзамен, конкурс",ο ,διαγωνισμός,ιδέες,25
"тест, экзамен, проверочная работа",το,διαγώνισμα,ιδέες,25
"шаг, трибуна",το,βήμα,ιδέες,25
шанс,η,ευκαρία (ών),ιδέες,25
девичья фамилия,το,πατρικό,ιδέες,26
фамилия,το,επώνυμο,ιδέες,26
автобус,,το λεωφορείο,μεταφορά,2
автомобиль,,το αυτοκίνητο,μεταφορά,4
лодка,,η βάρκα,μεταφορά,7
троллейбус,,το τρόλεϊ,μεταφορά,7
паром,,το πλοίο,μεταφορά,9
поезд,,το τραίνο,μεταφορά,9
самолет (улетать на),,φεύγω με το αεροπλάνο,μεταφορά,9
пешком,,με τα πόδια,μεταφορά,10
дельфин,,το ιπτάμενο,μεταφορά,11
политик,,ο πολιτικός,πολιτική,14
бастовать,,απεργώ,πολιτική,15
забастовка,,έχω/κάνω απεργία,πολιτική,15
полиция,,η αστυνομία,πολιτική,15
правительство,,η κυβέρνηση,πολιτική,17
"президент, председатель",,ο/η πρόεδρος,πολιτική,19
глава,,ο αρχηγός,πολιτική,21
государство,,το κράτος,πολιτική,21
народ,,το έθνος,πολιτική,21
республика,,η δημοκρατία,πολιτική,21
смог,,το νέφος,πολιτική,21
госслужба,,η δημόσια υπηρεσία,πολιτική,24
министерство,,το υπουργείο,πολιτική,24
министр,,ο/η υπουργός,πολιτική,24
налоговая служба,,η εφορία,πολιτική,24
посольство,,η πρεσβεία,πολιτική,24
мать,,η μητέρα,πρόσωπα,1
отец,,ο πατέρας,πρόσωπα,1
друг/подруга,,ο φίλος/η φίλη,πρόσωπα,2
"жена, женщина",,η γυναίκα,πρόσωπα,2
"муж, мужчина",,ο άντρας,πρόσωπα,2
господин/жа,,ο κύριος/η κυρία,πρόσωπα,4
иностранец(ка),,ο ξένος/η ξένη,πρόσωπα,4
девочка,,το κορίτσι,πρόσωπα,5
мальчик,,το αγόρι,πρόσωπα,5
бабушка,,η γιαγιά,πρόσωπα,7
госпожа,,η δεσποινίς,πρόσωπα,7
действующее лицо,,το πρόσωπο,πρόσωπα,7
дядюшка/тётушка,,ο θείος/η θεία,πρόσωπα,7
семья,,η οικογένεια,πρόσωπα,7
девушка,,η κοπέλα,πρόσωπα,10
родитель(и),,ο γονέας/οι γονείς,πρόσωπα,10
турист(ка),,ο τουρίστας/η τουρίστρια,πρόσωπα,11
житель,,ο κάτοικος,πρόσωπα,14
мамочка,,η μανούλα,πρόσωπα,17
папа,,ο μπαμπάς (οι μπαμπάδες),πρόσωπα,18
дура(к),,ο/η βλάκας,πρόσωπα,19
сосед/соседка,,ο γείτονας/η γειτόνισσα,πρόσωπα,19
супруг(а),,ο/η σύζυγος,πρόσωπα,19
близкие,,οι δικοί μου,πρόσωπα,20
йети,,"το Γέτι, ο Μακρυπόδης",πρόσωπα,20
персона,,το άτομο,πρόσωπα,20
"свёкр, тесть/свекровь, тёща",,ο πεθερός/η πεθερά,πρόσωπα,20
младенец,,το μωρό,πρόσωπα,21
брат/сестра/сиблинги,,ο αδερφός/η αδερφή/τα αδέρφια,πρόσωπα,22
владелец(ица),,ο ιδιοκτήτης/η ιδιοκτήτρια,πρόσωπα,22
внук(чка)/ внуки,,ο εγγονός/η εγγονή/τα εγγόνια,πρόσωπα,22
дедушка,,ο παππούς,πρόσωπα,22
дочь,,η κόρη,πρόσωπα,22
крестный(ая) отец/мать,,ο νο(υ)νός/η νο(υ)νά,πρόσωπα,22
кузен/кузина/кузены,,ο ξάδερφος/η ξαδέρφη/τα ξαδέρφια,πρόσωπα,22
кум(а),,ο κουμπάρος/η κουμπάρα,πρόσωπα,22
племянник(ца)/племянники,,ο ανιψιός/η ανιψιά/τα ανίψια,πρόσωπα,22
родственник,,ο συγγενής (είς/ών)/η συγγένισσα (ών),πρόσωπα,22
старшие,,οι μεγαλύτεροι,πρόσωπα,22
сын,,ο γιος,πρόσωπα,22
коллега,,ο/η συνάδερφος,πρόσωπα,24
ждать,,περιμένω,ρήματα,1
желать,,θέλω,ρήματα,1
жить,,μένω,ρήματα,1
знать,,ξέρω,ρήματα,1
иметь,,έχω,ρήματα,1
понимать,,καταλαβαίνω,ρήματα,1
делать,,κάνω,ρήματα,2
думать,,νομίζω,ρήματα,2
работать,,δουλεύω,ρήματα,3
учиться,,μελετάω,ρήματα,3
"идти, отвозить",,πηγαίνω,ρήματα,4
купаться,,κάνω μπάνιο,ρήματα,4
платить,,πληρώνω,ρήματα,4
покупать,,αγοράζω,ρήματα,4
видеть,,βλέπω,ρήματα,5
компанию водить,,κάνω παρέα,ρήματα,5
пить,,πίνω,ρήματα,5
читать,,διαβάζω,ρήματα,5
быть в обществе,,βγαίνω έξω,ρήματα,6
ныть,,γκρινιάζω,ρήματα,6
подыматься,,ανεβαίνω,ρήματα,6
помнить,,θυμάμαι,ρήματα,6
спускаться,,κατεβαίνω,ρήματα,6
быть голодным,,πεινάω,ρήματα,7
"возвращаться (домой), объезжать (всю Македонию)",,"γυρίζω (σπίτι μου, όλη τη Μακεδονία)",ρήματα,7
говорить,,μιλάω,ρήματα,7
гулять,,πάω βόλτα,ρήματα,7
давать кому-л.,,δίνω στο κπ,ρήματα,7
загорать,,κάνω ηλιοθεραπεία,ρήματα,7
заканчивать,,τελειώνω,ρήματα,7
закрывать,,κλείνω,ρήματα,7
звонить,,κάνω τηλεφώνημα (σε κπ),ρήματα,7
играть,,παίζω,ρήματα,7
идти,,πάω,ρήματα,7
любить,,αγαπάω,ρήματα,7
мочь,,μπορώ,ρήματα,7
находиться,,υπάρχει,ρήματα,7
начинать(ся),,αρχίζω,ρήματα,7
останавливаться,,σταματάω,ρήματα,7
отвечать,,απαντάω,ρήματα,7
открывать,,ανοίγω,ρήματα,7
петь,,τραγουδάω,ρήματα,7
питаться,,τρώω,ρήματα,7
"проезжать, заходить, проводить",,περνάω,ρήματα,7
рассказывать кому-л. истории,,λέω ιστορίες σε κπ,ρήματα,7
слушать,,ακούω,ρήματα,7
спать,,κοιμάμαι,ρήματα,7
спрашивать,,ρωτάω,ρήματα,7
"уезжать, отходить",,φεύγω,ρήματα,7
учиться,,σπουδάζω,ρήματα,7
хотеть пить,,διψάω,ρήματα,7
быть виноватым,,φταίω,ρήματα,8
"заходить, входить",,μπαίνω,ρήματα,8
класть,,βάζω,ρήματα,8
плакать,,κλαίω,ρήματα,8
болит ступня,,πονάει το πόδι μου,ρήματα,9
"брать, получать",,"брать, получать, забирать",ρήματα,9
запрашивать сведения,,ζητάω πληροφορίες,ρήματα,9
качать головой,,κουνάω το κεφάλι μου,ρήματα,9
отсутствовать,,λείπω,ρήματα,9
приносить,,φέρνω,ρήματα,9
беспокоиться,,ανησυχώ,ρήματα,10
бояться,,φοβάμαι,ρήματα,10
"водить машину, приводить",,οδηγώ,ρήματα,10
вставать,,σηκώνομαι,ρήματα,10
готовить,,μαγειρεύω,ρήματα,10
дразниться,,πειράζω,ρήματα,10
думать,,σκέφτομαι τον κπ,ρήματα,10
звонить,,τηλεφωνώ στην γιαγιά μου/σε κπ),ρήματα,10
находиться,,βρίσκομαι,ρήματα,10
нуждаться,,χρειάζομαι,ρήματα,10
опаздывать,,αργώ,ρήματα,10
приезжать,,έρχομαι,ρήματα,10
прощать,,συγχωρώ,ρήματα,10
сидеть,,κάθομαι,ρήματα,10
соглашаться,,συμφωνώ με κπ/μαζί σου,ρήματα,10
сожалеть,,λυπάμαι,ρήματα,10
танцевать,,χορεύω,ρήματα,10
тепло,,ζεσταίνομαι,ρήματα,10
уставать,,κουράζομαι,ρήματα,10
чувствовать,,αισθάνομαι,ρήματα,10
шутить,,λέω αστεία,ρήματα,10
выбирать,,διαλέγω,ρήματα,11
заполнять,,συμπληρώνω,ρήματα,11
идет дождь,,βρέχει,ρήματα,11
идет снег,,χιονίζει,ρήματα,11
идти спать,,πάω για ύπνο,ρήματα,11
мерзнуть,,κρυώνω,ρήματα,11
отдыхать,,ξεκουράζομαι,ρήματα,11
посылать,,στέλνω,ρήματα,11
просыпаться,,ξυπνάω,ρήματα,11
"верить, считать",,πιστέυω,ρήματα,12
готовить,,ετοιμάζω,ρήματα,12
забывать,,ξεχνάω,ρήματα,12
звонить,,παίρνω στο τηλέφωνο,ρήματα,12
"знакомить, быть знакомым",,γνωρίζω,ρήματα,12
значить,,σημαίνω,ρήματα,12
играть в карты,,παίζω χαρτιά,ρήματα,12
играть в мяч,,παίξω μπάλα,ρήματα,12
интересовать,,ενδιαφέρω,ρήματα,12
интересоваться,,ενδιαφέρομαι (για κάτι),ρήματα,12
искать,,ψάχνω,ρήματα,12
класть,,βάζω,ρήματα,12
курить,,καπνίζω,ρήματα,12
"мыть, стирать",,πλένω,ρήματα,12
"накрывать, застилать",,στρώνω (το τραπέζι),ρήματα,12
находить,,βρίσκω,ρήματα,12
организовывать,,οργανώνω,ρήματα,12
оставлять,,αφήνω,ρήματα,12
переводить,,μεταφράζω,ρήματα,12
плакать,,κλαίω,ρήματα,12
поворачивать,,στρίβω,ρήματα,12
подразумевать,,εννοώ,ρήματα,12
поехать по делам,,πηγαίνω για δουλειά,ρήματα,12
покупать,,ψωνίζω,ρήματα,12
помогать,,βοηθάω,ρήματα,12
"приезжать, хватать",,φτάνω,ρήματα,12
решить(ся),,αποφασίζω,ρήματα,12
сердиться,,θυμώνω,ρήματα,12
смеяться над чем-л.,,γελάω με κάτι,ρήματα,12
снимать,,βγάζω,ρήματα,12
собирать,,μαζεύω,ρήματα,12
становиться,,γίνομαι,ρήματα,12
хватит,,φτάνει,ρήματα,12
хорошо проводить время,,περνάω ωραία/καλά/όμορφα,ρήματα,12
благодарить,,ευχαριστώ,ρήματα,13
может быть,,μπορεί να,ρήματα,13
"мыть, убирать",,καθαρίζω,ρήματα,13
нам следует/давайте что-л. сделаем,,εγώ λέω να κάνουμε κάτι,ρήματα,13
потерять,,χάνω,ρήματα,13
придется,,έχω να,ρήματα,13
"пытаться, пробовать",,προσπαθώ,ρήματα,13
"резать (на куски), урезать",,κόβω (σε κομμάτια),ρήματα,13
собираться,,πάω να,ρήματα,13
вешать,,κρεμάω,ρήματα,14
встречать(ся),,συναντάω,ρήματα,14
идти пешком,,περπατάω,ρήματα,14
носить (одежду),,φοράω,ρήματα,14
"портить, разменивать",,χαλάω,ρήματα,14
"приглашать, звать",,καλώ,ρήματα,14
просить,,παρακαλώ,ρήματα,14
стареть,,γερνάω,ρήματα,14
угощать,,κερνάω,ρήματα,14
браниться,,μιλάω άσκημα,ρήματα,15
обсуждать,,συζητάω,ρήματα,15
бежать,,τρέχω,ρήματα,16
готовиться,,ετοιμάζομαι,ρήματα,16
исчезнуть,,χάνομαι,ρήματα,16
подымать,,σηκώνω,ρήματα,16
получать плату,,πληρώνομαι,ρήματα,16
пробовать,,δοκιμάζω,ρήματα,16
путешествовать,,ταξιδεύω,ρήματα,16
скучать по кому-н.,,μου λείπει κπ,ρήματα,16
спрягать,,κλίνω,ρήματα,16
стесняться,,ντρέπομαι,ρήματα,16
выучивать,,αποστηθίζω,ρήματα,17
заболеть,,αρρωσταίνω,ρήματα,17
заснуть снова,,ξανακοιμάμαι,ρήματα,18
продолжать,,συνεχίζο,ρήματα,18
"включить, зажечь",,ανάβω,ρήματα,19
гладить,,σιδερώνω,ρήματα,19
дарить,,χαρίζω,ρήματα,19
"заполнять, занимать",,γεμίζω (από),ρήματα,19
обнимать,,αγκαλιάζω,ρήματα,19
одалживать кому-л.,,δανείζω σε κπ,ρήματα,19
одалживать у кого-л.,,δανείζομαι από κπ,ρήματα,19
"показывать, выглядеть",,δείχνω,ρήματα,19
продавать,,πουλάω,ρήματα,19
работать,,λειτουργάω,ρήματα,19
"сдавать, снимать",,νοικιάζω,ρήματα,19
целовать,,φιλάω,ρήματα,19
"чинить, создавать",,φτιάχνω,ρήματα,19
бросать,,ρίχνω,ρήματα,20
вязать,,πλέκω,ρήματα,20
"изменять, заменять",,αλλάζω κάτι με κάτι,ρήματα,20
перемешивать,,ανακατεύω,ρήματα,20
поливать,,ποτίζω,ρήματα,20
протирать,,ξεσκονίζω,ρήματα,20
работать,,εργάζομαι,ρήματα,20
ухаживать,,προσέχω,ρήματα,20
"шить, пришивать",,ράβω,ρήματα,20
быть в опасности,,κινδυνεύω,ρήματα,21
"звонить, стучать, удариться",,χτυπάω,ρήματα,21
исправлять,,διορθώνω,ρήματα,21
плавать,,κολυμπάω,ρήματα,21
представлять,,φαντάζομαι,ρήματα,21
прыгать,,πηδάω,ρήματα,21
сдаваться (о квартире),,ενοικιάζομαι,ρήματα,22
тренироваться,,γυμνάζομαι,ρήματα,22
"волноваться, печалиться",,στενοχωριέμαι,ρήματα,23
встречаться,,συναντιέμαι,ρήματα,23
жаловаться,,παραπονιέμαι σε κπ για κάτι,ρήματα,23
задаваться вопросом,,αναρωτιέμαι,ρήματα,23
иметь значение,,(με) νοιάζει,ρήματα,23
интересовать,,ενδιαφέφω,ρήματα,23
интересоваться,,ενδιαφέρομαι,ρήματα,23
получать удовольствие,,ευχαριστιέμαι,ρήματα,23
получать удовольствие,,χαίρομαι,ρήματα,23
прекращать,,παύω,ρήματα,23
расти(ть),,μεγαλώνω,ρήματα,23
родиться,,γεννιέμαι,ρήματα,23
сплетничать,,κουτσομπολεύω,ρήματα,23
страдать от скуки,,βαριέμαι,ρήματα,23
быть должным,,πρέπει,ρήματα,24
быть знакомыми,,γνωρίζομαι,ρήματα,24
"женить, выдать замуж",,παντρεύω,ρήματα,24
"жениться, выйти замуж, пожениться",,παντρεύομαι,ρήματα,24
"кричать, звать",,φωνάζω,ρήματα,24
"напоминать, быть похожим",,μοιάζω στο κπ/με κάτι,ρήματα,24
передавать большой привет,,λέω πολλά χαιρετίσματα,ρήματα,24
"полниться кем-н., чем-н.",,"γεμίζω από κάτι, κπ",ρήματα,24
положить конец чему-н.,,δίνω τέλος σε κάτι,ρήματα,24
продаваться,,πωλούμαι,ρήματα,24
разводиться,,χωρίζω,ρήματα,24
родить,,γεννάω,ρήματα,24
родить мальчика/девочку,,κάνω γιο/κόρη,ρήματα,24
сдать успешно экзамены,,περνάω τις εξετάσεις,ρήματα,24
создавать,,δημιουργώ,ρήματα,24
улучшать,,καλυτερεύω,ρήματα,24
беседовать,,κουβεντιάζω,ρήματα,25
бронировать гостиницу,,κλείνω το ξενοδοχείο,ρήματα,25
выключать свет,,κλείνω τα φώτα,ρήματα,25
дозвониться,,βρίσκω,ρήματα,25
заказывать,,παραγγέλνω,ρήματα,25
заменить,,αντικαθιστώ,ρήματα,25
ломать,,σπάζω,ρήματα,25
обещать,,υπόσχομαι,ρήματα,25
оставлять в покое,,αφήνω κπ ήσυχο/ήσυχη,ρήματα,25
побывать где-н.,,περνάω από κάπου,ρήματα,25
потратить всё утро,,τρώω όλο το πρωί,ρήματα,25
предпочитать,,προτιμάω,ρήματα,25
рекламировать,,διαφημίζω,ρήματα,25
рекламироваться,,διαφημίζομαι,ρήματα,25
сломаться,,έχω βλάβη,ρήματα,25
смотреть,,κοιτάζω/κοιτάω,ρήματα,25
течь (о кране),,η βρύση τρέχει,ρήματα,25
увольнять,,διώχνω,ρήματα,25
блузка,,η μπλούζα,ρούχα,5
платье,,το φόρεμα,ρούχα,5
рубашка,,το πουκάμισο,ρούχα,5
штаны,,το παντελόνι,ρούχα,5
юбка,,η φούστα,ρούχα,5
куртка,,η ζακέτα,ρούχα,7
ботинок,,το παπούτσι,ρούχα,8
пиджак,,το σακάκι,ρούχα,8
ремень,,η ζώνη,ρούχα,8
шапка,,το καπέλο,ρούχα,8
шарф,,το μαντήλι,ρούχα,8
галстук,,η γραβάτα,ρούχα,10
рюкзак,,το σακίδιο,ρούχα,10
сумка,,η τσάντα,ρούχα,10
очки,,τα γυαλιά,ρούχα,12
полоска (в полоску),,η ρίγα (με ρίγες),ρούχα,12
сапоги,,οι μπότες,ρούχα,12
часы,,οι ρολόι,ρούχα,12
пуговица,,το κουμπί,ρούχα,13
бумажник,,το πορτοφόλι,ρούχα,14
пальто,,το παλτό,ρούχα,14
"носок, чулок",,η κάλτσα,ρούχα,15
чувяк,,η παντόφλα,ρούχα,15
свитер,,το πουλόβερ,ρούχα,16
серьга,,το σκουλαρίκι,ρούχα,19
дом,,το σπίτι,σπιτικό,1
загранпаспорт,,το διαβατήριο,σπιτικό,1
карандаш,,το μολύβι,σπιτικό,1
кровать,,το κρεβάτι,σπιτικό,1
стол,,το τραπέζι,σπιτικό,1
стул,,η καρέκλα,σπιτικό,1
холодильник,,το ψυγείο,σπιτικό,1
балкон,,το μπαλκόνι,σπιτικό,2
ванна,,το μπάνιο,σπιτικό,2
карта,,ο χάρτης,σπιτικό,2
письмо,,το γράμμα,σπιτικό,2
страница,,η σελίδα,σπιτικό,2
счёт,,ο λογαριασμός,σπιτικό,2
квартира,,το διαμέρισμα,σπιτικό,3
газета,,η εφημερίδα,σπιτικό,4
дверь,,η πόρτα,σπιτικό,4
зажигалка,,ο αναπτήρας,σπιτικό,4
марка,,το γραμματόσημο,σπιτικό,4
мелочь,,τα ψιλά,σπιτικό,4
окно,,το παράθυρο,σπιτικό,4
пачка сигарет,,το πακέτο τσιγάρα,σπιτικό,4
сдача,,τα ρέστα,σπιτικό,4
сигарета,,το τσιγάρο,σπιτικό,4
спичка,,το σπίρτο,σπιτικό,4
фотография,,η φωτογραφία,σπιτικό,4
ключ,,το κλειδί,σπιτικό,5
комната,,το δωμάτιο,σπιτικό,5
лифт,,το ασανσέρ,σπιτικό,5
ручка,,το στυλό,σπιτικό,5
этаж,,ο όροφος,σπιτικό,5
вилка,,το πιρούνι,σπιτικό,7
"игра, игрушка",,το παιχνίδι,σπιτικό,7
ложка,,το κουτάλι,σπιτικό,7
меховая игрушка,,το χνουδωτό κουκλάκι,σπιτικό,7
мишка,,το αρκουδάκι,σπιτικό,7
нож,,το μαχαίρι,σπιτικό,7
пепельница,,το τασάκι,σπιτικό,7
посылка,,το δέμα,σπιτικό,7
стакан воды,,το ποτήρι νερό,σπιτικό,7
тарелка,,το πιάτο,σπιτικό,7
билет (в Афины),,ένα εισιτήριο για την Αθήνα,σπιτικό,9
журнал,,το περιοδικό,σπιτικό,9
зеркало,,ο καθρέφτης,σπιτικό,9
табличка,,ο πίνακας,σπιτικό,9
белая доска,,ο ασπροπίνακας,σπιτικό,10
маркер,,ο μαρκαδόρος (ασπροπίνακα),σπιτικό,10
диван,,ο καναπές,σπιτικό,12
душ,,το ντούς,σπιτικό,12
"кухня, плита",,η κουζίνα,σπιτικό,12
"открытка, карточка",,η κάρτα,σπιτικό,12
письменный стол,,το γραφείο,σπιτικό,12
полотенце,,η πετσέτα,σπιτικό,12
простыня,,το σεντόνι,σπιτικό,12
ящик,,το συρτάρι,σπιτικό,12
мыло,,το σαπούνι,σπιτικό,13
чемодан,,η βαλίτση,σπιτικό,13
ваза,,το βάζο,σπιτικό,15
"пылесос, метла",,η σκούπα,σπιτικό,15
шкаф для одежды,,η ντουλάπα,σπιτικό,15
столовая (комната),,η τραπεζαρία,σπιτικό,16
бумажное полотенце,,το χαρτί κουζίνας,σπιτικό,18
"кухонный шкаф, буфет",,το ντουλάπι,σπιτικό,18
чистящее средство,,η χλωρίνη,σπιτικό,18
коридор,,ο διάδρομος,σπιτικό,19
кран,,η βρύση,σπιτικό,19
"лампа, лампочка",,η λάμπα,σπιτικό,19
многоквартирный дом,,η πολυκατοικία,σπιτικό,19
освещение,,τα φώτα,σπιτικό,19
покупки,,τα ψώνια,σπιτικό,19
прихожая,,το χολ,σπιτικό,19
раковина,,ο νεροχύτης,σπιτικό,19
раковина,,ο νιπτήρας,σπιτικό,19
свеча,,το κερί,σπιτικό,19
унитаз,,η τουαλέτα,σπιτικό,19
утюг,,το σίδερο,σπιτικό,19
гостиная,,το καθιστικό,σπιτικό,20
диск,,ο δίσκος,σπιτικό,20
полная столовая ложка,,η κουταλιά σούπα,σπιτικό,20
предмет мебели,,το έπιπλο,σπιτικό,20
салатница,,η σαλατιέρα,σπιτικό,20
спальня,,η κρεβατοκάμαρα,σπιτικό,20
"парта, рабочий стол",,το θρανίο,σπιτικό,21
зонтик,,η ομπρέλα,σπιτικό,22
нарды,,το τάβλι,σπιτικό,22
пакет,,η σακούλα,σπιτικό,23
табличка,,η ταμπέλα,σπιτικό,23
одеколон,η,κολώνια (-),σπιτικό,25
аспирин,,η ασπιρίνη,σώμα,2
рука,,το χέρι,σώμα,9
волосы,,τα μαλλιά,σώμα,10
глаз,,το μάτι,σώμα,10
живот,,το στομάχι,σώμα,10
лихорадка,,ο πυρετός,σώμα,10
сердце,,η καρδιά,σώμα,10
"шея, горло",,ο λαιμός,σώμα,10
зуб(чик),,το δόντι,σώμα,12
нервы,,τα νεύρα,σώμα,15
ухо,,το αυτί/αφτί,σώμα,19
нос,,η μύτη,σώμα,20
рот,,το στόμα,σώμα,20
боль,,ο πόνος,σώμα,23
"мозг, разум",το,μυαλό,σώμα,25
обоняние,η,όσφρηση (εις),σώμα,25
кинотеатр,,ο κινηματογράφος,τέχνη,3
музыка,,η μουσική,τέχνη,3
театр,,το θέατρο,τέχνη,5
фильм,,η ταινία,τέχνη,5
кинотеатр,,το σινεμά,τέχνη,7
концерт,,η συναυλία,τέχνη,7
комедия,,η κωμωδία,τέχνη,8
гитара,,η κιθάρα,τέχνη,9
танец,,ο χορός,τέχνη,9
танго,,το τανγκό,τέχνη,10
фортепиано,,το πιάνο,τέχνη,10
вестерн,,το καουμπόικο,τέχνη,12
драма,,το δράμα,τέχνη,12
опера,,η όπερα,τέχνη,12
поэт,,η ποιητής,τέχνη,12
представление,,η παράσταση,τέχνη,12
статуя,,το άγαλμα,τέχνη,12
стихотворение,,το ποίημα,τέχνη,12
трагедия,,η τραγωδία,τέχνη,12
фильм,,το έργο,τέχνη,12
искусство,,η τέχνη,τέχνη,13
цирк,,το τσίρκο,τέχνη,13
снеговик,,ο χιονάνθρωπος,τέχνη,20
скрипка,,το βιολί,τέχνη,21
живопись,,η ζωγραφική,τέχνη,23
телефон,,το τηλέφωνο,τεχνολογία,1
телевизор (по ~),,στην τηλεώραση,τεχνολογία,5
"экран, монитор, дисплей",,η οθόνη,τεχνολογία,7
блог,,το ιστολόγιο,τεχνολογία,10
интернет,,το Διαδίκτυο,τεχνολογία,10
компьютер,,ο υπολογιστής,τεχνολογία,10
мобильный телефон,,το κινητό,τεχνολογία,10
свет (светофора),,το φανάρι,τεχνολογία,10
ОС,,το λειτουργικό σύστημα,τεχνολογία,12
планшет,,η ταμπλέτα,τεχνολογία,12
файл,,το αρχείο,τεχνολογία,12
фотоаппарат,,η φωτογραφική μηχανή,τεχνολογία,12
электричество,,το ηλεκτρικό,τεχνολογία,14
водонагреватель,,ο θερμοσίφωνας,τεχνολογία,19
обогреватель,,ο καλοριφέρ,τεχνολογία,19
плавкий предохранитель,,η ασφάλεια,τεχνολογία,19
розетка,,η μπρίζα,τεχνολογία,19
стиральная машина,,το πλυντήριο,τεχνολογία,19
электрическое напряжение,,το ρεύμα,τεχνολογία,19
"мышь, бицепс",,το ποντίκι,τεχνολογία,22
"автоматизация, автоматика",,ο αυτοματισμός,τεχνολογία,24
компьютер,,το κομπιούτερ,τεχνολογία,24
технологический,,τεχνολογικός,τεχνολογία,24
функция,,η συνάρτηση (εις),τεχνολογία,24
радио,το,ραδιόφωνο,τεχνολογία,25
сайт,ο,ιστότοπος,τεχνολογία,26
аэропорт,,το αεροδρόμιο,τόποι,1
банк,,η τράπεζα,τόποι,1
далеко от нас/от Акрополя,,μακριά μας/από την Ακρόπολη,τόποι,1
здесь,,εδώ,τόποι,1
кафе,,το καφενείο,τόποι,1
недалеко от Акрополя,,κοντά στην Ακρόπολη,τόποι,1
ресторан,,η ταβέρνα,τόποι,1
там,,εκεί,τόποι,1
гостиница,,το ξενοδοχείο,τόποι,2
дорога,,η οδός,τόποι,2
киоск,,το περίπτερο,τόποι,2
магазин,,το μαγαζί,τόποι,2
музей,,το μουσείο,τόποι,2
остановка,,η στάση,τόποι,2
площадь,,η πλατεία,τόποι,2
город,,η πόλη,τόποι,3
аптека,,το φαρμακείο,τόποι,4
библиотека,,η βιβλιοθήκη,τόποι,4
больница,,το νοσοκομείο,τόποι,4
налево,,αριστερά,τόποι,4
направо,,δεξιά,τόποι,4
парикмахерская,,το κομμωτήριο,τόποι,4
почта,,το ταχυδρομείο,τόποι,4
улица,,ο δρόμος,τόποι,4
университет,,το πανεπιστήμιο,τόποι,4
химчистка,,το καθαριστήριο,τόποι,4
вверх,,πάνω,τόποι,6
вниз,,κάτω,τόποι,6
квартал,,το τετράγωνο,τόποι,6
на углу,,στην γωνία,τόποι,6
наверху,,επάνω,τόποι,6
напротив,,απέναντι,τόποι,6
офис,,το γραφείο,τόποι,6
прямо вниз,,ευθεία κάτω,τόποι,6
на (кровати),,πάνω (στο κρεβάτι),τόποι,7
монастырь,,το μοναστήρι,τόποι,8
булочная,,ο φούρνος,τόποι,9
ресторан,,το εστιατόριο,τόποι,9
рынок (открытый),,η λαϊκή αγορά,τόποι,9
станция,,ο σταθμός,τόποι,9
пляж,,η παραλία,τόποι,11
вот он/а/и,,"να τος/τη/το, τοι/τες/τα",τόποι,12
"вперед, до, перед",,μπροστά,τόποι,12
где-то,,κάπου,τόποι,12
деревня,,το χωριό,τόποι,12
кладбище,,το νεκροταφείο,τόποι,12
кондитерская,,το ζαχαροπλαστείο,τόποι,12
нигде,,πουθενά,τόποι,12
парк,,το πάρκο,τόποι,12
под высоким деревом,,κάτω από το ψηλό δέντρο,τόποι,12
рядом со мной,,δίπλα μου,τόποι,12
школа,,το σχολείο,τόποι,12
"в, внутри",,μέσα στο κάτι,τόποι,13
"вне, за пределами",,έξω από το κάτι,τόποι,13
везде,,παντού,τόποι,15
за (дверью),,πίσω (από την πόρτα),τόποι,15
"порт, гавань",,το λιμάνι,τόποι,16
район,,η γειτονιά,τόποι,17
бакалея,,το μπακάλικο (των μπακάλικων),τόποι,18
зеленная,,το μανάβικο (των μανάβικων),τόποι,18
столица,,η πρωτεύουσα,τόποι,18
вход,,η είσοδος,τόποι,19
выход,,η έξοδος,τόποι,19
"проспект, шоссе",,η λεωφόρος,τόποι,19
двор,,η αυλή,τόποι,21
"район, место, область",,η περιοχή,τόποι,22
загород,,η εξοχή(ές),τόποι,23
"завод, фабрика",,το εργοστάσιο,τόποι,24
клиника,,το ιατρείο,τόποι,24
магазин,,το κατάστημα,τόποι,24
рай,ο,παράδεισος,τόποι,25
айва,,το κυδώνι,τροφή,1
бутерброд,,ο σάντουιτς,τροφή,1
вода,,το νερό,τροφή,1
йогурт,,το γιαούρτι,τροφή,1
кофе (чёрный),,ο καφές (σκέτος),τροφή,1
лимонад,,η λεμονάδα,τροφή,1
мёд,,το μέλι,τροφή,1
молоко (сгущенное),,το συμπυκνωμένο γάλα,τροφή,1
мороженое,,το παγωτό,τροφή,1
мясо,,το κρέας,τροφή,1
пиво,,η μπύρα,τροφή,1
пирог сырный,,η τυρόπιτα,τροφή,1
растительное масло,,το λάδι,τροφή,1
рыба,,το ψάρι,τροφή,1
салат,,η σαλάτα,τροφή,1
сливочное масло,,το βούτυρο,τροφή,1
сыр,,το τυρί,τροφή,1
фанта,,η πορτοκαλάδα,τροφή,1
хлеб,,το ψωμί,τροφή,1
цыплёнок,,το κοτόπουλο,τροφή,1
чай,,το τσάι,τροφή,1
шашлык,,το σουβλάκι,τροφή,1
шоколад (молочный),,η σοκολάτα (γάλακτος),τροφή,1
яблоко,,το μήλο,τροφή,1
мусака,,ο μουσακάς,τροφή,3
рецина,,η ρετσίνα,τροφή,3
греческий салат,,η χωριάτικη σαλάτα,τροφή,7
еда,,το φαγητό,τροφή,7
жареная колбаска,,το λουκάνικο,τροφή,7
кальмар,,το καλαμαράκι,τροφή,7
картошка,,η πατάτα,τροφή,7
осьминог,,το χταποδάκι,τροφή,7
пастицио,,το παστίτσιο,τροφή,7
перец,,το πιπέρι,τροφή,7
рагу,,το φρικασέ,τροφή,7
салат с помидорами,,η ντοματοσαλάτα,τροφή,7
соль,,το αλάτι,τροφή,7
тефтели,,ο κεφτές/οι κεφτέδες,τροφή,7
яичница,,τα αυγά τηγανιτά,τροφή,7
бифштекс,,το μπιφτέκι,τροφή,8
омлет,,η ομελέτα,τροφή,8
сок,,ο χυμός,τροφή,8
абрикос,,το βερίκοκο,τροφή,9
апельсин,,το πορτοκάλι,τροφή,9
арбуз,,το καρπούζι,τροφή,9
банан,,η μπανάνα,τροφή,9
бутылка вина,,το μπουκάλι κρασί,τροφή,9
виноград,,τα σταφύλια,τροφή,9
груша,,το αχλάδι,τροφή,9
дыня,,το πεπόνι,τροφή,9
клубника,,η φράουλα,τροφή,9
конфета,,το γλυκό,τροφή,9
лимон,,το λεμόνι,τροφή,9
луковица,,το κρεμμύδι,τροφή,9
мандарин,,το μανταρίνι,τροφή,9
огурец,,το αγγούρι,τροφή,9
олив(к)а,,η ελιά,τροφή,9
персик,,το ροδάκινο,τροφή,9
пирог со шпинатом,,η σπανακόπιτα,τροφή,9
ветчина,,το ζαμπόν,τροφή,10
колбаса,,το σαλάμι,τροφή,10
зелень,,η χόρτα,τροφή,12
обед,,το μεσημεριανό,τροφή,12
ужин,,το βραδυνό,τροφή,12
фасолевый суп,,η φασολάδα,τροφή,12
закуски,,τα μεζεδάκια,τροφή,13
сахар,,η ζάχαρη,τροφή,13
какао,,το κακάο,τροφή,16
халва,,ο χαλβάς,τροφή,16
блин,,η κρέπα,τροφή,17
стейк,,η μπριζόλα,τροφή,17
баклажан,,η μελιτζάνα,τροφή,18
болгарский перец,,η πιπεριά,τροφή,18
золотистый спар,,η τσιπούρα,τροφή,18
кабачок,,το κολοκυθάκι,τροφή,18
капуста (квашеная),,το λάχανο (τουρσί),τροφή,18
консервы,,οι κονσέρβες,τροφή,18
креветка,,η γαρίδα,τροφή,18
латук,,το μαρούλι,τροφή,18
мидия,,το μύδι,τροφή,18
микрозакуска,,ο μεζές (οι μεζέδες),τροφή,18
морковь,,το καρότο,τροφή,18
мука,,το αλεύρι,τροφή,18
напиток,,το ποτό,τροφή,18
овощ,,το λαχανικό,τροφή,18
орегано,,η ρίγανη,τροφή,18
пахлава,,ο μπακλαβάς (οι μπακλαβάδες),τροφή,18
петрушка,,ο μαϊντανός,τροφή,18
полосатая барабуля,,το μπαρμπούνι,τροφή,18
пончик,,ο λουκουμάς (οι λουκουμάδες),τροφή,18
приправы,,τα μπαχαρικά,τροφή,18
рёбрышкο,,το παϊδάκι,τροφή,18
свинина,,τι χοιρινό,τροφή,18
сельдерей,,το σέλινο,τροφή,18
телятина,,το μοσχάρι,τροφή,18
укроп,,ο άνηθος,τροφή,18
уксус,,το ξύδι,τροφή,18
фарш,,ο κιμάς/οι κιμάδες,τροφή,18
фрукт,,το φρούτο,τροφή,18
чечевица,,η φακή,τροφή,18
ягнятина,,το αρνάκι,τροφή,18
ягода,,το μούρο,τροφή,18
чеснок,,το σκόρδο,τροφή,20
бутерброд с брынзой,,η φέτα ψωμί,τροφή,22
семечки,,ο πασατέμπος,τροφή,23
газировка,το,αναψυκτικό,τροφή,25
салат из икры,η,ταραμοσαλάτα,τροφή,25
шёлк,το,μετάξι,υλικά,26
гусеничка,,η κάμπια,φύση,1
лес,,το δάσος,φύση,1
слон,,ο ελέφαντας,φύση,1
собака,,το σκυλί,φύση,1
кошка,,η γάτα,φύση,2
море,,η θάλασσα,φύση,2
человек,,ο άνθρωπος,φύση,2
луна,,το φεγγάρι,φύση,3
погода,,ο καιρός,φύση,3
остров,,το νησί,φύση,4
дерево,,το δέντρο,φύση,7
лист,,το φύλλο,φύση,7
цветок,,το λουλούδι,φύση,7
гора,,το βουνό,φύση,8
полнолуние,,η πανσέληνος,φύση,8
роза,,το τριαντάφυλλο,φύση,9
сад,,ο κήπος,φύση,10
солнце,,ο ήλιος,φύση,10
ветрено,,φυσάει,φύση,11
дождь,,η βροχή,φύση,11
жарко,,κάνει ζέστη,φύση,11
крокодил,,η κροκόδειλος,φύση,11
облачно,,έχει συννεφιά,φύση,11
солнечно,,έχει ήλιο,φύση,11
холодно,,κάνει κρύο,φύση,11
снег,,το χιόνι,φύση,12
свет,,το φως,φύση,19
кристалл,,το κρύσταλλο,φύση,21
крыса,,ο αρουραίος,φύση,22
перо,,το πούπουλο,φύση,22
черепаха,,η χελώνα,φύση,22
роса,,η δροσιά,φύση,23
комар,το,κουνούπι,φύση,25
вечер(ом),,το βράδι,χρονικά,2
воскресенье (в),,την Κυριακή,χρονικά,2
вчера,,χτες,χρονικά,2
день,,η μέρα,χρονικά,2
сегодня,,σήμερα,χρονικά,2
суббота (в),,το Σάββατο,χρονικά,2
год,,ο χρόνος,χρονικά,3
месяц,,ο μήνας,χρονικά,4
минуточку,,ένα λεπτό,χρονικά,4
полвторого,,μία και μισή,χρονικά,4
выходные,,το Σαββατοκύριακο,χρονικά,5
завтрак,,το πρωινό,χρονικά,5
каждый день,,κάθε μέρα,χρονικά,5
ночью,,τη νύχτα,χρονικά,5
после полудня,,το απόγευμα,χρονικά,5
утро(м),,το πρωί,χρονικά,5
завтра,,αύριο,χρονικά,6
опять,,πάλι,χρονικά,6
в полдень,,το μεσημέρι,χρονικά,7
в полночь,,τα μεσάνυχτα,χρονικά,7
всегда,,πάντα,χρονικά,7
вторник (во),,την Τρίτη,χρονικά,7
затем,,έπειτα,χρονικά,7
иногда,,κάπου κάπου,χρονικά,7
иногда,,ώρες ώρες,χρονικά,7
когда,,όταν,χρονικά,7
когда?,,πότε;,χρονικά,7
неделя,,η εβδομάδα,χρονικά,7
никогда,,ποτέ,χρονικά,7
понедельник (в),,τη Δευτέρα,χρονικά,7
пятница (в),,την Παρασκευή,χρονικά,7
среда (в),,την Τετάρτη,χρονικά,7
час без четверти,,μία παρά τέταρτο,χρονικά,7
час ровно,,μία ακριβώς,χρονικά,7
четверг (в),,την Πέμπτη,χρονικά,7
еще,,ακόμη,χρονικά,8
позавчера,,προχτές,χρονικά,8
после (урока),,μετά το μάθημα,χρονικά,8
часто,,συχνά,χρονικά,8
в августе,,τον Αύγουστο,χρονικά,9
в апреле,,τον Απρίλιο,χρονικά,9
в декабре,,τον Δεκέμβριο,χρονικά,9
в июле,,τον Ιούλιο,χρονικά,9
в июне,,τον Ιούνιο,χρονικά,9
в мае,,τον Μάιο,χρονικά,9
в марте,,τον Μάρτιο,χρονικά,9
в ноябре,,τον Νοέμβριο,χρονικά,9
в октябре,,τον Οκτώβριο,χρονικά,9
в сентябре,,τον Σεπτέμβριο,χρονικά,9
в феврале,,τον Φεβρουάριο,χρονικά,9
в январе,,τον Ιανουάριο,χρονικά,9
весной,,την άνοιξη,χρονικά,9
зимой,,τον χειμώνα,χρονικά,9
летом,,το καλοκαίρι,χρονικά,9
осенью,,το φθινόπωρο,χρονικά,9
скоро,,σύντομα,χρονικά,9
обычно,,συνήθως,χρονικά,10
рано,,νωρίς,χρονικά,10
сегодня вечером,,απόψε,χρονικά,10
секунда,,το δευτερόλεπτο,χρονικά,10
сколько (вы уже ждете?),,πόση ώρα περιμένετε;,χρονικά,10
сколько раз (в мес.),,πόσες φορές τον μήνα,χρονικά,10
часами,,με τις ώρες,χρονικά,10
через (4 секунды),,σε τέσσερα δευτερόλεπτα,χρονικά,10
в первый раз за 25 лет,,πρώτη φορά σε 25 χρόνια,χρονικά,11
день рождения,,τα γενέθλια,χρονικά,11
многократно,,πολλές φορές,χρονικά,11
на этот раз,,αυτή τη φορά,χρονικά,11
немедленно,,αμέσως,χρονικά,11
около двух,,γύρο στις δύο,χρονικά,11
редко,,σπάνια,χρονικά,11
через час-два,,σε μια δύο ώρες,χρονικά,11
в прошлом году,,πέρσι,χρονικά,12
в следующем году,,του χρόνου,χρονικά,12
в следующую пятницу,,την άλλη Παρασκευή,χρονικά,12
в этом году,,φέτος,χρονικά,12
время от времени,,καμιά φορά,χρονικά,12
всё время,,όλη την ώρα,χρονικά,12
до полудня,,πριν το μεσημέρι,χρονικά,12
еще на неделю,,για άλλη την εβδομάδα,χρονικά,12
к лету,,μέχρι το καλοκαίρι,χρονικά,12
"как только, едва",,μόλις,χρονικά,12
"когда-нибудь, когда-то",,κάποτε,χρονικά,12
на неделю,,για μια εβδομάδα,χρονικά,12
на прошлой неделе,,την περασμένη εβδομάδα,χρονικά,12
назад (час-другой назад),,πριν από μια δύο ώρες,χρονικά,12
поздно,,αργά,χρονικά,12
послезавтра,,μεθαύριο,χρονικά,12
Рождество,,τα Χριστούγεννα,χρονικά,12
скоро,,σε λίγο,χρονικά,12
тогда,,τότε,χρονικά,12
уже (к настоящему моменту),,κιόλας,χρονικά,12
целый день,,όλη την ημέρα,χρονικά,12
(оставаться) некоторое время,,μένω καιρό,χρονικά,14
сию секунду,,τώρα αμέσως,χρονικά,14
спустя некоторое время,,μετά από λίγο,χρονικά,15
последнее время,,τελευταία,χρονικά,17
сию секунду,,αυτή τη στιγμή,χρονικά,18
опять,,ξανά,χρονικά,20
раз в год,,μια φορά τον χρόνο,χρονικά,20
до (с 2-х до 6-ти),,ως (από τις 2 ως τις 6),χρονικά,21
"пока, в то время как",,ενώ,χρονικά,21
в последнюю секунду,,την τελευταία στιγμή,χρονικά,22
во время урока,,την ώρα του μαθήματος,χρονικά,22
вовремя,,στην ώρα μου,χρονικά,22
около семи,,κατά στις εφτά,χρονικά,22
пока (он подымался по лестнице),,καθώς (ανέβαινε στη σκάλα),χρονικά,22
рабочее время,,οι ώρες γραφείου,χρονικά,22
время (в т.ч. года),,η εποχή,χρονικά,23
навсегда,,για πάντα,χρονικά,23
некоторое время назад,,λίγα χρόνια πριν,χρονικά,23
с годами,,με τα χρόνια,χρονικά,23
в то же время,,συγχρόνως,χρονικά,24
всё время,,όλο,χρονικά,24
даже когда,,ακόμα κι όταν,χρονικά,25
субботний вечер,το ,σαββατόβραδο,χρονικά,25
приятный,,ευχάριστος (ευχάριστων),επίθετα,27
сюрприз,η,έκπληξη(εις),ιδέες,27
какой приятный сюрприз!,,Τι ευχάριστη έκπληξη είναι αυτή;,διάφορα,27
"кто-нибудь, какой-нибудь",,κανένας(κανείς)/καμιά/κανένα,αντωνυμίες,27
вечный,,αιώνιος/α/ο (αιώνιων),επίθετα,27
мама,η,μαμά (μαμάδων),πρόσωπα,27
нуждаться,,Το έχω ανάγκη να...,ρήματα,27
палатка,η,σκηνή,σπιτικό,27
устанавливать,,στήνω,ρήματα,27
"уединенный, пустынный",,ερημικός,επίθετα,27
пустыня,η,έρημος (ερήμων),φύση,27
купальный костюм,το ,μαγιό,ρούχα,27
"определять, назначать",,ορίζω,ρήματα,27
Македония,η ,Μακεδονία,γεωγραφία,27
ловить рыбу,,ψαρεύω,ρήματα,27
ни разу,,ούτε μια φορά,διάφορα,27
вернуться вновь,,ξαναγυρίζω,ρήματα,27
природа,η,φύση,ιδέες,27
студенческий,,φοιτητικός/ή/ό,επίθετα,27
быть в университете,,είμαι με το πανεπιστήμιο,διάφορα,27
общежитие,,η εστία (ών),τόποι,27
"веселье, шутка",,η πλάκα,ιδέες,27
описывать,,περιγράφω,ρήματα,27
поддаваться описанию,,περιγράφομαι,ρήματα,27
быть неописуемым,,δεν περιγράφεται,διάφορα,27
приехать на свадьбу,,έρχομαι για το γάμο,διάφορα,27
армия,ο,στρατός,ιδέες,27
однокурсник/ца,ο/η,ο συμφοιτητής/συμφοφοιτήτρια (ών),πρόσωπα,27
не беспокойся,,έννοια σου,διάφορα,27
что ты хочешь узнать?,,τι θες να μάθεις;,διάφορα,27